{"1": {"6": 0.08672572056632094, "9": 0.12536274753762142, "5": 0.05844756683780599, "3": 0.07326686860416833, "10": 0.09475417681318031, "8": 0.06457456650126873, "2": 0.0576090596347135, "4": 0.06889486722932285}, "6": {"1": 0.08672572056632094, "9": 0.05581570855355754, "5": 0.04584465313656248, "10": 0.08501717890671871, "8": 0.05626333470343179, "2": 0.0678729727777091, "7": 0.04928172914623762, "3": 0.051254988023200755}, "9": {"1": 0.12536274753762142, "5": 0.1711062778919163, "6": 0.05581570855355754, "3": 0.0853740844677198, "8": 0.16314175444050724, "10": 0.08758244002236175, "4": 0.0510133800893419, "2": 0.10109551796526192, "7": 0.09595856003885665}, "5": {"1": 0.05844756683780599, "9": 0.1711062778919163, "6": 0.04584465313656248, "3": 0.034686602321783874, "8": 0.13165420586213655, "2": 0.08423363322917635, "10": 0.0610649124190155, "4": 0.0185522249702679, "7": 0.093524595980568}, "3": {"1": 0.07326686860416833, "9": 0.0853740844677198, "5": 0.034686602321783874, "10": 0.07536207437050328, "4": 0.09696211165782759, "2": 0.07927265869000416, "8": 0.037354178440127325, "6": 0.051254988023200755, "7": 0.06540541592232}, "10": {"1": 0.09475417681318031, "3": 0.07536207437050328, "6": 0.08501717890671871, "9": 0.08758244002236175, "5": 0.0610649124190155, "8": 0.04391686738546886, "4": 0.047788982930090616, "2": 0.11902138334051514, "7": 0.04631127338687995}, "8": {"1": 0.06457456650126873, "5": 0.13165420586213655, "2": 0.11278013715823568, "9": 0.16314175444050724, "10": 0.04391686738546886, "6": 0.05626333470343179, "4": 0.04429942596941946, "7": 0.13785882223252582, "3": 0.037354178440127325}, "2": {"1": 0.0576090596347135, "8": 0.11278013715823568, "5": 0.08423363322917635, "10": 0.11902138334051514, "7": 0.16414423496100447, "9": 0.10109551796526192, "4": 0.09308479671027681, "3": 0.07927265869000416, "6": 0.0678729727777091}, "4": {"1": 0.06889486722932285, "5": 0.0185522249702679, "9": 0.0510133800893419, "8": 0.04429942596941946, "3": 0.09696211165782759, "10": 0.047788982930090616, "2": 0.09308479671027681, "7": 0.04451274961577865}, "7": {"10": 0.04631127338687995, "2": 0.16414423496100447, "8": 0.13785882223252582, "5": 0.093524595980568, "6": 0.04928172914623762, "9": 0.09595856003885665, "4": 0.04451274961577865, "3": 0.06540541592232}}